{"hourlyDataList":[{"moveHourly":true,"startTime":1740049200000},{"moveHourly":true,"startTime":1740052800000},{"moveHourly":true,"startTime":1740060000000},{"moveHourly":true,"startTime":1740063600000},{"moveHourly":true,"startTime":1740067200000},{"moveHourly":true,"startTime":1740081600000},{"moveHourly":true,"startTime":1740085200000},{"moveHourly":true,"startTime":1740088800000},{"moveHourly":true,"startTime":1740092400000}],"mAdaptiveGoal":0,"mIsGoalAchieved":false,"mIsMostActiveAchieved":false,"mMostActiveMinutes":0,"mStreakDayCount":0,"mUnitDataList":[{"distance":529.96,"dynamicActiveTime":0,"exerciseCalorie":0.0,"exerciseTime":0,"floorCount":0,"mCalorie":24.039999,"mOthersTime":0,"mRunTime":6889,"mStartTime":42000000,"mTimeUnit":600000,"mWalkTime":404231,"runStep":18,"walkStep":653},{"distance":139.29999,"dynamicActiveTime":0,"exerciseCalorie":0.0,"exerciseTime":0,"floorCount":0,"mCalorie":6.05,"mOthersTime":0,"mRunTime":0,"mStartTime":42600000,"mTimeUnit":600000,"mWalkTime":114724,"runStep":0,"walkStep":172},{"distance":269.0,"dynamicActiveTime":0,"exerciseCalorie":0.0,"exerciseTime":0,"floorCount":0,"mCalorie":13.7699995,"mOthersTime":0,"mRunTime":11200,"mStartTime":44400000,"mTimeUnit":600000,"mWalkTime":180090,"runStep":28,"walkStep":270},{"distance":4.98,"dynamicActiveTime":0,"exerciseCalorie":0.0,"exerciseTime":0,"floorCount":0,"mCalorie":0.25,"mOthersTime":0,"mRunTime":0,"mStartTime":48600000,"mTimeUnit":600000,"mWalkTime":4002,"runStep":0,"walkStep":6},{"distance":12.89,"dynamicActiveTime":0,"exerciseCalorie":0.0,"exerciseTime":0,"floorCount":0,"mCalorie":0.52,"mOthersTime":0,"mRunTime":0,"mStartTime":51600000,"mTimeUnit":600000,"mWalkTime":10672,"runStep":0,"walkStep":16},{"distance":10.6,"dynamicActiveTime":0,"exerciseCalorie":0.0,"exerciseTime":0,"floorCount":0,"mCalorie":0.53,"mOthersTime":0,"mRunTime":0,"mStartTime":52200000,"mTimeUnit":600000,"mWalkTime":9338,"runStep":0,"walkStep":14},{"distance":41.27,"dynamicActiveTime":0,"exerciseCalorie":0.0,"exerciseTime":0,"floorCount":0,"mCalorie":1.8299998,"mOthersTime":0,"mRunTime":0,"mStartTime":54600000,"mTimeUnit":600000,"mWalkTime":36018,"runStep":0,"walkStep":54},{"distance":44.14,"dynamicActiveTime":0,"exerciseCalorie":0.0,"exerciseTime":0,"floorCount":0,"mCalorie":2.1200001,"mOthersTime":0,"mRunTime":0,"mStartTime":57000000,"mTimeUnit":600000,"mWalkTime":39353,"runStep":0,"walkStep":59},{"distance":237.45999,"dynamicActiveTime":0,"exerciseCalorie":0.0,"exerciseTime":0,"floorCount":0,"mCalorie":10.33,"mOthersTime":0,"mRunTime":4000,"mStartTime":57600000,"mTimeUnit":600000,"mWalkTime":185426,"runStep":10,"walkStep":278},{"distance":13.32,"dynamicActiveTime":0,"exerciseCalorie":0.0,"exerciseTime":0,"floorCount":0,"mCalorie":0.58,"mOthersTime":0,"mRunTime":0,"mStartTime":58800000,"mTimeUnit":600000,"mWalkTime":11339,"runStep":0,"walkStep":17},{"distance":11.56,"dynamicActiveTime":0,"exerciseCalorie":0.0,"exerciseTime":0,"floorCount":0,"mCalorie":0.48000002,"mOthersTime":0,"mRunTime":0,"mStartTime":60600000,"mTimeUnit":600000,"mWalkTime":10005,"runStep":0,"walkStep":15},{"distance":5.92,"dynamicActiveTime":0,"exerciseCalorie":0.0,"exerciseTime":0,"floorCount":0,"mCalorie":0.38,"mOthersTime":0,"mRunTime":0,"mStartTime":61200000,"mTimeUnit":600000,"mWalkTime":4002,"runStep":0,"walkStep":6},{"distance":5.5600004,"dynamicActiveTime":0,"exerciseCalorie":0.0,"exerciseTime":0,"floorCount":0,"mCalorie":0.28,"mOthersTime":0,"mRunTime":0,"mStartTime":70800000,"mTimeUnit":600000,"mWalkTime":4669,"runStep":0,"walkStep":7},{"distance":17.96,"dynamicActiveTime":0,"exerciseCalorie":0.0,"exerciseTime":0,"floorCount":0,"mCalorie":0.91,"mOthersTime":0,"mRunTime":0,"mStartTime":72600000,"mTimeUnit":600000,"mWalkTime":15341,"runStep":0,"walkStep":23},{"distance":5.16,"dynamicActiveTime":0,"exerciseCalorie":0.0,"exerciseTime":0,"floorCount":0,"mCalorie":0.28,"mOthersTime":0,"mRunTime":0,"mStartTime":73200000,"mTimeUnit":600000,"mWalkTime":4669,"runStep":0,"walkStep":7},{"distance":24.960005,"dynamicActiveTime":0,"exerciseCalorie":0.0,"exerciseTime":0,"floorCount":0,"mCalorie":1.2700001,"mOthersTime":0,"mRunTime":0,"mStartTime":78600000,"mTimeUnit":600000,"mWalkTime":21344,"runStep":0,"walkStep":32},{"distance":4.37,"dynamicActiveTime":0,"exerciseCalorie":0.0,"exerciseTime":0,"floorCount":0,"mCalorie":0.24,"mOthersTime":0,"mRunTime":0,"mStartTime":79200000,"mTimeUnit":600000,"mWalkTime":4002,"runStep":0,"walkStep":6},{"distance":4.67,"dynamicActiveTime":0,"exerciseCalorie":0.0,"exerciseTime":0,"floorCount":0,"mCalorie":0.24,"mOthersTime":0,"mRunTime":0,"mStartTime":79800000,"mTimeUnit":600000,"mWalkTime":4002,"runStep":0,"walkStep":6},{"distance":7.32,"dynamicActiveTime":0,"exerciseCalorie":0.0,"exerciseTime":0,"floorCount":0,"mCalorie":0.35,"mOthersTime":0,"mRunTime":0,"mStartTime":80400000,"mTimeUnit":600000,"mWalkTime":6003,"runStep":0,"walkStep":9},{"distance":47.43,"dynamicActiveTime":0,"exerciseCalorie":0.0,"exerciseTime":0,"floorCount":0,"mCalorie":2.5700002,"mOthersTime":0,"mRunTime":800,"mStartTime":81000000,"mTimeUnit":600000,"mWalkTime":38019,"runStep":2,"walkStep":57},{"distance":115.78999,"dynamicActiveTime":0,"exerciseCalorie":0.0,"exerciseTime":0,"floorCount":0,"mCalorie":5.88,"mOthersTime":0,"mRunTime":0,"mStartTime":82200000,"mTimeUnit":600000,"mWalkTime":99383,"runStep":0,"walkStep":149},{"distance":8.57,"dynamicActiveTime":0,"exerciseCalorie":0.0,"exerciseTime":0,"floorCount":0,"mCalorie":0.64000005,"mOthersTime":0,"mRunTime":800,"mStartTime":83400000,"mTimeUnit":600000,"mWalkTime":4669,"runStep":2,"walkStep":7},{"distance":11.08,"dynamicActiveTime":0,"exerciseCalorie":0.0,"exerciseTime":0,"floorCount":0,"mCalorie":0.56,"mOthersTime":0,"mRunTime":0,"mStartTime":85200000,"mTimeUnit":600000,"mWalkTime":9338,"runStep":0,"walkStep":14}],"version":1}