﻿com.samsung.shealth.food_favorite,6292001,1
amount,food_type,update_time,create_time,name,unit,favoriteid,calorie,deviceuuid,pkg_name,datauuid,food_info_id
0.0,2,2025-02-20 09:56:07.964,2025-02-20 09:56:07.964,fe30c055-a892-46fa-ab2f-dc2d270f754d,,fe30c055-a892-46fa-ab2f-dc2d270f754d,0.0,gd5VDiIUYt,com.sec.android.app.shealth,93205ba2-5ed4-406a-9326-210535309382,0f429dbf-2025-4ead-968b-b4542234fee2,
0.0,2,2025-02-20 09:56:07.964,2025-02-20 09:56:07.964,fe30c055-a892-46fa-ab2f-dc2d270f754d,,fe30c055-a892-46fa-ab2f-dc2d270f754d,0.0,gd5VDiIUYt,com.sec.android.app.shealth,eaa76583-b945-4e27-a78e-c74f5225faa2,8cb3fc75-5188-4e53-bcd1-ced2d5340508,
0.0,2,2025-02-20 09:56:07.964,2025-02-20 09:56:07.964,fe30c055-a892-46fa-ab2f-dc2d270f754d,,fe30c055-a892-46fa-ab2f-dc2d270f754d,0.0,gd5VDiIUYt,com.sec.android.app.shealth,535cde31-ff5b-4df9-937e-6e987853d8d5,c6572088-fdbe-43bd-a9d8-6d796cbcf561,
0.0,2,2025-02-20 09:56:07.964,2025-02-20 09:56:07.964,fe30c055-a892-46fa-ab2f-dc2d270f754d,,fe30c055-a892-46fa-ab2f-dc2d270f754d,0.0,gd5VDiIUYt,com.sec.android.app.shealth,4bf84bed-c294-4e98-9724-8880dc0ac02e,22e2fb54-91b8-4f4c-b4ed-97870ea9ebb9,
0.0,2,2025-02-20 09:56:07.964,2025-02-20 09:56:07.964,fe30c055-a892-46fa-ab2f-dc2d270f754d,,fe30c055-a892-46fa-ab2f-dc2d270f754d,0.0,gd5VDiIUYt,com.sec.android.app.shealth,17389ff6-d46d-409e-807a-3749ea18d9f1,b2a217c6-1e4b-4fef-8162-47352f6efd9c,
0.0,2,2025-02-20 09:56:07.964,2025-02-20 09:56:07.964,fe30c055-a892-46fa-ab2f-dc2d270f754d,,fe30c055-a892-46fa-ab2f-dc2d270f754d,0.0,gd5VDiIUYt,com.sec.android.app.shealth,a5ca58bc-5b0e-431f-8759-028823f05ba0,ca922d9b-93ad-4a52-b7f5-e2d86b0c67f7,
0.0,2,2025-02-20 09:56:07.964,2025-02-20 09:56:07.964,fe30c055-a892-46fa-ab2f-dc2d270f754d,,fe30c055-a892-46fa-ab2f-dc2d270f754d,0.0,gd5VDiIUYt,com.sec.android.app.shealth,fac4f738-043b-4708-9dc9-f12ae8606f0c,61b8028e-32f0-46a1-b656-a7a47a923324,
0.0,2,2025-02-20 09:56:07.964,2025-02-20 09:56:07.964,fe30c055-a892-46fa-ab2f-dc2d270f754d,,fe30c055-a892-46fa-ab2f-dc2d270f754d,0.0,gd5VDiIUYt,com.sec.android.app.shealth,605b0d55-20a3-4b24-ab97-fa03ac4fb9cc,0b097bdc-857f-40e3-9a77-01dc5c97861f,
0.0,2,2025-02-20 09:56:07.965,2025-02-20 09:56:07.965,fe30c055-a892-46fa-ab2f-dc2d270f754d,,fe30c055-a892-46fa-ab2f-dc2d270f754d,0.0,gd5VDiIUYt,com.sec.android.app.shealth,a1581779-1b0f-48a8-a978-649ff1d856cb,36c098ef-9de8-483e-b2c5-2640631f1600,
