﻿com.samsung.shealth.calories_burned.details,6292001,4
active_calories_goal,version,extra_data,exercise_calories,total_exercise_calories,com.samsung.shealth.calories_burned.create_sh_ver,com.samsung.shealth.calories_burned.tef_calorie,com.samsung.shealth.calories_burned.active_time,com.samsung.shealth.calories_burned.rest_calorie,com.samsung.shealth.calories_burned.modify_sh_ver,com.samsung.shealth.calories_burned.update_time,com.samsung.shealth.calories_burned.create_time,com.samsung.shealth.calories_burned.active_calorie,com.samsung.shealth.calories_burned.deviceuuid,com.samsung.shealth.calories_burned.pkg_name,com.samsung.shealth.calories_burned.datauuid,com.samsung.shealth.calories_burned.day_time
,,534405ff-93a6-43d0-97a7-231528cf83ce.extra_data.json,,0.0,62920010,116.200005,1244328,1737.5659,62920010,2025-02-20 17:39:15.782,2025-02-20 04:19:45.666,74.09999,gd5VDiIUYt,com.sec.android.app.shealth,534405ff-93a6-43d0-97a7-231528cf83ce,1740009600000,
,,585ead6e-3f9d-4934-9ef8-8eb88db7eded.extra_data.json,,0.0,62920010,0.0,0,1638.7489,62920010,2025-02-20 04:42:30.987,2025-02-20 04:19:47.257,0.0,gd5VDiIUYt,com.sec.android.app.shealth,585ead6e-3f9d-4934-9ef8-8eb88db7eded,1739923200000,
,,128d8481-9ce8-4b87-997a-873691f87bfb.extra_data.json,,0.0,62920010,0.0,0,1638.7489,62920010,2025-02-20 04:19:51.867,2025-02-20 04:19:47.507,0.0,gd5VDiIUYt,com.sec.android.app.shealth,128d8481-9ce8-4b87-997a-873691f87bfb,1739836800000,
,,f8e530f2-7b7f-4757-bad3-f8f30ab9e164.extra_data.json,,0.0,62920010,0.0,0,1638.7489,62920010,2025-02-20 04:19:51.848,2025-02-20 04:19:47.714,0.0,gd5VDiIUYt,com.sec.android.app.shealth,f8e530f2-7b7f-4757-bad3-f8f30ab9e164,1739750400000,
,,d40afcc9-906e-4860-ae6f-95b2e9d2bde7.extra_data.json,,0.0,62920010,0.0,0,1638.7489,62920010,2025-02-20 04:19:51.829,2025-02-20 04:19:47.816,0.0,gd5VDiIUYt,com.sec.android.app.shealth,d40afcc9-906e-4860-ae6f-95b2e9d2bde7,1739664000000,
,,3546c25f-7871-48b0-bd28-9ba65be9483e.extra_data.json,,0.0,62920010,0.0,0,1638.7489,62920010,2025-02-20 04:19:51.809,2025-02-20 04:19:47.914,0.0,gd5VDiIUYt,com.sec.android.app.shealth,3546c25f-7871-48b0-bd28-9ba65be9483e,1739577600000,
,,0e876144-8071-48e3-bc84-780ebf35b3df.extra_data.json,,0.0,62920010,0.0,0,1638.7489,62920010,2025-02-20 04:19:51.783,2025-02-20 04:19:48.047,0.0,gd5VDiIUYt,com.sec.android.app.shealth,0e876144-8071-48e3-bc84-780ebf35b3df,1739491200000,
,,92c6ce9c-9642-4f68-8b97-b14d216b2db2.extra_data.json,,0.0,62920010,0.0,0,1638.7489,62920010,2025-02-20 04:19:51.759,2025-02-20 04:19:48.168,0.0,gd5VDiIUYt,com.sec.android.app.shealth,92c6ce9c-9642-4f68-8b97-b14d216b2db2,1739404800000,
,,2c92de4e-5d3e-4189-bc26-f14a1d420944.extra_data.json,,0.0,62920010,0.0,0,1638.7489,62920010,2025-02-20 04:19:51.742,2025-02-20 04:19:48.279,0.0,gd5VDiIUYt,com.sec.android.app.shealth,2c92de4e-5d3e-4189-bc26-f14a1d420944,1739318400000,
,,c21cbd1c-045e-47d9-96de-1c30e2363949.extra_data.json,,0.0,62920010,0.0,0,1638.7489,62920010,2025-02-20 04:19:51.717,2025-02-20 04:19:48.468,0.0,gd5VDiIUYt,com.sec.android.app.shealth,c21cbd1c-045e-47d9-96de-1c30e2363949,1739232000000,
,,31a305d5-b458-469f-a345-8312e0049f48.extra_data.json,,0.0,62920010,0.0,0,1638.7489,62920010,2025-02-20 04:19:51.703,2025-02-20 04:19:48.656,0.0,gd5VDiIUYt,com.sec.android.app.shealth,31a305d5-b458-469f-a345-8312e0049f48,1739145600000,
,,16cdbe1d-24ad-4962-8a04-89cc3fc2aaa1.extra_data.json,,0.0,62920010,0.0,0,1638.7489,62920010,2025-02-20 04:19:51.680,2025-02-20 04:19:48.903,0.0,gd5VDiIUYt,com.sec.android.app.shealth,16cdbe1d-24ad-4962-8a04-89cc3fc2aaa1,1739059200000,
,,be7c6792-3a6e-424c-b616-2ec40a451e7c.extra_data.json,,0.0,62920010,0.0,0,1638.7489,62920010,2025-02-20 04:19:51.660,2025-02-20 04:19:49.312,0.0,gd5VDiIUYt,com.sec.android.app.shealth,be7c6792-3a6e-424c-b616-2ec40a451e7c,1738972800000,
,,fa203061-555b-42f1-90ab-42f81516885f.extra_data.json,,0.0,62920010,0.0,0,1638.7489,62920010,2025-02-20 04:19:51.622,2025-02-20 04:19:49.581,0.0,gd5VDiIUYt,com.sec.android.app.shealth,fa203061-555b-42f1-90ab-42f81516885f,1738886400000,
,,a5757b0e-315b-459a-b911-a7bdbf9d47b3.extra_data.json,,0.0,62920010,0.0,0,1638.7489,62920010,2025-02-20 04:19:51.609,2025-02-20 04:19:49.764,0.0,gd5VDiIUYt,com.sec.android.app.shealth,a5757b0e-315b-459a-b911-a7bdbf9d47b3,1738800000000,
,,569bc9c5-8efd-4321-acc7-6c3a126ea52b.extra_data.json,,0.0,62920010,0.0,0,1638.7489,62920010,2025-02-20 04:19:51.591,2025-02-20 04:19:49.888,0.0,gd5VDiIUYt,com.sec.android.app.shealth,569bc9c5-8efd-4321-acc7-6c3a126ea52b,1738713600000,
,,e6065ee9-07be-4c55-85ad-48fbe2cce87b.extra_data.json,,0.0,62920010,0.0,0,1638.7489,62920010,2025-02-20 04:19:51.575,2025-02-20 04:19:50.005,0.0,gd5VDiIUYt,com.sec.android.app.shealth,e6065ee9-07be-4c55-85ad-48fbe2cce87b,1738627200000,
,,d7e71fef-b6bd-47c9-9c8c-6976246d59bd.extra_data.json,,0.0,62920010,0.0,0,1638.7489,62920010,2025-02-20 04:19:51.565,2025-02-20 04:19:50.169,0.0,gd5VDiIUYt,com.sec.android.app.shealth,d7e71fef-b6bd-47c9-9c8c-6976246d59bd,1738540800000,
,,9dab4fca-0b8c-421e-8c6c-3cab185818fa.extra_data.json,,0.0,62920010,0.0,0,1638.7489,62920010,2025-02-20 04:19:51.552,2025-02-20 04:19:50.289,0.0,gd5VDiIUYt,com.sec.android.app.shealth,9dab4fca-0b8c-421e-8c6c-3cab185818fa,1738454400000,
,,bb4da6a1-18ae-4053-bf43-b3ec34ec654a.extra_data.json,,0.0,62920010,0.0,0,1638.7489,62920010,2025-02-20 04:19:51.543,2025-02-20 04:19:50.451,0.0,gd5VDiIUYt,com.sec.android.app.shealth,bb4da6a1-18ae-4053-bf43-b3ec34ec654a,1738368000000,
,,765ede79-dabb-44f4-88a8-bb827e235612.extra_data.json,,0.0,62920010,0.0,0,1638.7489,62920010,2025-02-20 04:19:51.533,2025-02-20 04:19:50.572,0.0,gd5VDiIUYt,com.sec.android.app.shealth,765ede79-dabb-44f4-88a8-bb827e235612,1738281600000,
,,6382e8c2-0518-47cf-8ada-d699c72be0d8.extra_data.json,,0.0,62920010,0.0,0,1638.7489,62920010,2025-02-20 04:19:51.518,2025-02-20 04:19:50.675,0.0,gd5VDiIUYt,com.sec.android.app.shealth,6382e8c2-0518-47cf-8ada-d699c72be0d8,1738195200000,
,,175189a9-6d3d-45d5-a45e-88f9061f66fa.extra_data.json,,0.0,62920010,0.0,0,1638.7489,62920010,2025-02-20 04:19:51.508,2025-02-20 04:19:50.794,0.0,gd5VDiIUYt,com.sec.android.app.shealth,175189a9-6d3d-45d5-a45e-88f9061f66fa,1738108800000,
,,cbdf82f3-ab96-4122-8574-2ef5856d6eae.extra_data.json,,0.0,62920010,0.0,0,1638.7489,62920010,2025-02-20 04:19:51.493,2025-02-20 04:19:50.903,0.0,gd5VDiIUYt,com.sec.android.app.shealth,cbdf82f3-ab96-4122-8574-2ef5856d6eae,1738022400000,
,,7bfcfc45-b32e-4c72-a5c5-b60228f49fa9.extra_data.json,,0.0,62920010,0.0,0,1638.7489,62920010,2025-02-20 04:19:51.477,2025-02-20 04:19:51.021,0.0,gd5VDiIUYt,com.sec.android.app.shealth,7bfcfc45-b32e-4c72-a5c5-b60228f49fa9,1737936000000,
,,21baa4ab-5f35-4f6b-954b-c65dae70d647.extra_data.json,,0.0,62920010,0.0,0,1638.7489,62920010,2025-02-20 04:19:51.460,2025-02-20 04:19:51.159,0.0,gd5VDiIUYt,com.sec.android.app.shealth,21baa4ab-5f35-4f6b-954b-c65dae70d647,1737849600000,
,,90f242cb-c3e8-4f05-83b3-62de34485ba3.extra_data.json,,0.0,62920010,0.0,0,1638.7489,62920010,2025-02-20 04:19:51.446,2025-02-20 04:19:51.265,0.0,gd5VDiIUYt,com.sec.android.app.shealth,90f242cb-c3e8-4f05-83b3-62de34485ba3,1737763200000,
,,16de5f40-4cbe-4f52-a1f8-0452e0a6ad8f.extra_data.json,,0.0,62920010,0.0,0,1638.7489,62920010,2025-02-20 04:19:51.427,2025-02-20 04:19:51.384,0.0,gd5VDiIUYt,com.sec.android.app.shealth,16de5f40-4cbe-4f52-a1f8-0452e0a6ad8f,1737676800000,
,,21497e18-7981-4a12-a0a3-d7524a8583a6.extra_data.json,,0.0,62920010,0.0,1214349,1008.888,62920010,2025-02-21 07:04:18.543,2025-02-20 17:00:02.498,89.17999,gd5VDiIUYt,com.sec.android.app.shealth,21497e18-7981-4a12-a0a3-d7524a8583a6,1740096000000,
