﻿com.samsung.shealth.tracker.pedometer_day_summary,6292001,6
create_sh_ver,step_count,binning_data,active_time,recommendation,modify_sh_ver,run_step_count,update_time,source_package_name,create_time,source_info,speed,distance,calorie,walk_step_count,deviceuuid,pkg_name,healthy_step,achievement,datauuid,day_time
62920010,1937,6a42cfa0-80ae-4693-9f1c-0e99e417e741.binning_data.json,950874,6000,62920010,60,2025-02-20 17:00:03.951,com.sec.android.app.shealth,2025-02-20 04:42:29.190,6a42cfa0-80ae-4693-9f1c-0e99e417e741.source_info.json,1.65455,1573.27,74.1,1877,VfS0qUERdZ,com.sec.android.app.shealth,0,6a42cfa0-80ae-4693-9f1c-0e99e417e741.achievement.json,6a42cfa0-80ae-4693-9f1c-0e99e417e741,1740009600000,
62920010,1937,371a2401-a389-4a53-bf9c-0ef323680476.binning_data.json,950874,6000,62920010,60,2025-02-20 17:00:03.365,com.sec.android.app.shealth,2025-02-20 17:00:03.365,,1.65455,1573.27,74.1,1877,gd5VDiIUYt,com.sec.android.app.shealth,0,371a2401-a389-4a53-bf9c-0ef323680476.achievement.json,371a2401-a389-4a53-bf9c-0ef323680476,1740009600000,
62920010,1946,ce568b27-3a69-4793-85f5-4912b50a52cd.binning_data.json,1020163,6000,62920010,90,2025-02-21 07:04:18.380,com.sec.android.app.shealth,2025-02-20 17:39:15.255,ce568b27-3a69-4793-85f5-4912b50a52cd.source_info.json,1.5534172,1584.7401,89.17999,1856,VfS0qUERdZ,com.sec.android.app.shealth,0,ce568b27-3a69-4793-85f5-4912b50a52cd.achievement.json,ce568b27-3a69-4793-85f5-4912b50a52cd,1740096000000,
