﻿com.samsung.shealth.preferences,6292001,2
text_value,service_id,float_value,update_time,create_time,long_value,tag,blob_value,int_value,deviceuuid,pkg_name,double_value,datauuid
,,,2025-02-20 04:19:02.509,2025-02-20 04:19:02.528,,,,0,gd5VDiIUYt,com.sec.android.app.shealth,,oobe.sensitive_data_available,
,,,2025-02-20 04:19:03.703,2025-02-20 04:19:03.715,,,,1,gd5VDiIUYt,com.sec.android.app.shealth,,settings.location_agreement,
,,,2025-02-20 04:19:41.097,2025-02-20 04:19:36.268,,,,0,gd5VDiIUYt,com.sec.android.app.shealth,,boost.card.selected_category,
,,,2025-02-20 04:19:41.097,2025-02-20 04:19:36.276,1740025181097,,,,gd5VDiIUYt,com.sec.android.app.shealth,,mow.selected_time,
,,,2025-02-20 04:19:42.199,2025-02-20 04:19:42.212,,,,0,gd5VDiIUYt,com.sec.android.app.shealth,,oobe.sensitive_data_agreement,
,,,2025-02-20 04:19:42.577,2025-02-20 04:19:42.588,,,,0,gd5VDiIUYt,com.sec.android.app.shealth,,settings.marketing_agreement,
,,,2025-02-20 04:19:43.465,2025-02-20 04:19:44.273,,,,3,gd5VDiIUYt,com.sec.android.app.shealth,,oobe.shd_access_authority_status,
0,,,2025-02-20 04:19:43.744,2025-02-20 04:19:44.653,,,,,gd5VDiIUYt,com.sec.android.app.shealth,,34-badges.DB.update,
,,,2025-02-20 04:19:45.823,2025-02-20 04:19:45.837,1740025185822,,,,gd5VDiIUYt,com.sec.android.app.shealth,,shealth.6.29.upgrade.date,
,,,2025-02-21 07:04:43.808,2025-02-20 04:25:36.970,,,,1,gd5VDiIUYt,com.sec.android.app.shealth,,step.detectworkout_switch,
,tracker.sleep,,2025-02-20 06:49:38.367,2025-02-20 06:49:38.444,,,,0,gd5VDiIUYt,com.sec.android.app.shealth,,06-snore_setting_new,
,,,2025-02-21 01:52:37.172,2025-02-20 06:49:38.704,,,sleep.watch_summary.blob_value.json,,gd5VDiIUYt,com.sec.android.app.shealth,,sleep.watch_summary,
,tracker.mood,,2025-02-20 09:45:59.158,2025-02-20 09:45:59.158,,,mindfulness.settings.blob_value.json,,gd5VDiIUYt,com.sec.android.app.shealth,,mindfulness.settings,
"{""breathe"":{""enabled"":false,""hhmm"":"""",""weekdays"":[]},""enabled"":true,""meditation"":{""enabled"":false,""hhmm"":"""",""weekdays"":[]},""mood"":{""enabled"":true,""hhmm"":""2100"",""weekdays"":[1,2,3,4,5,6,7]},""overall"":{""enabled"":false,""hhmm"":"""",""weekdays"":[]},""storedAt"":1740044759177,""type"":2,""version"":1}",tracker.mood,,2025-02-20 09:45:59.210,2025-02-20 09:45:59.195,,,,,gd5VDiIUYt,com.sec.android.app.shealth,,mindfulness.reminder,
,tracker.exercise,,2025-02-20 09:58:44.940,2025-02-20 09:58:45.227,,,,1,gd5VDiIUYt,com.sec.android.app.shealth,,34-during.audioGuide.enable,
,tracker.exercise,,2025-02-20 09:58:44.945,2025-02-20 09:58:45.245,,,,1,gd5VDiIUYt,com.sec.android.app.shealth,,34-1001.autoPause.enable,
,,,2025-02-20 09:58:49.235,2025-02-20 09:58:49.261,,,,1,gd5VDiIUYt,com.sec.android.app.shealth,,settings.map_location_agreement,
{"1000":"MOW_1"},,,2025-02-21 07:04:11.958,2025-02-21 07:04:11.999,,,,,gd5VDiIUYt,com.sec.android.app.shealth,,mow.last_exposed_card_ids,
,,,2025-02-21 07:04:40.352,2025-02-21 07:04:40.365,,,water-target-settings.blob_value.json,,gd5VDiIUYt,com.sec.android.app.shealth,,water-target-settings,
