﻿com.samsung.shealth.food_frequent,6292001,1
eveningsnack_count,update_time,create_time,morningsnack_count,dinner_count,breakfast_count,deviceuuid,pkg_name,afternoonsnack_count,datauuid,food_info_id,lunch_count
0.0,2025-02-20 09:56:07.820,2025-02-20 09:56:07.820,0.0,0.0,0.0,gd5VDiIUYt,com.sec.android.app.shealth,0.0,ec69dca2-e19c-4a41-b490-4fa85aa9f497,0f429dbf-2025-4ead-968b-b4542234fee2,1.0,
0.0,2025-02-20 09:56:07.838,2025-02-20 09:56:07.838,0.0,0.0,0.0,gd5VDiIUYt,com.sec.android.app.shealth,0.0,6f2d931c-8de0-4974-99a2-b9d1c29e91d4,8cb3fc75-5188-4e53-bcd1-ced2d5340508,1.0,
0.0,2025-02-20 09:56:07.852,2025-02-20 09:56:07.852,0.0,0.0,0.0,gd5VDiIUYt,com.sec.android.app.shealth,0.0,3d525c8d-369e-4ee5-9dc5-0280b4667409,c6572088-fdbe-43bd-a9d8-6d796cbcf561,1.0,
0.0,2025-02-20 09:56:07.863,2025-02-20 09:56:07.863,0.0,0.0,0.0,gd5VDiIUYt,com.sec.android.app.shealth,0.0,72a3c96f-bd19-4344-8250-8a4472249105,22e2fb54-91b8-4f4c-b4ed-97870ea9ebb9,1.0,
0.0,2025-02-20 09:56:07.876,2025-02-20 09:56:07.876,0.0,0.0,0.0,gd5VDiIUYt,com.sec.android.app.shealth,0.0,63a3ed22-d695-40f1-ac47-33b81977f0ec,b2a217c6-1e4b-4fef-8162-47352f6efd9c,1.0,
0.0,2025-02-20 09:56:07.888,2025-02-20 09:56:07.888,0.0,0.0,0.0,gd5VDiIUYt,com.sec.android.app.shealth,0.0,ad21036f-2ca5-4271-8ab0-3a48a1b44d04,ca922d9b-93ad-4a52-b7f5-e2d86b0c67f7,1.0,
0.0,2025-02-20 09:56:07.902,2025-02-20 09:56:07.902,0.0,0.0,0.0,gd5VDiIUYt,com.sec.android.app.shealth,0.0,d65d6c81-0306-4866-a87a-64e1f5b329bf,61b8028e-32f0-46a1-b656-a7a47a923324,1.0,
0.0,2025-02-20 09:56:07.913,2025-02-20 09:56:07.913,0.0,0.0,0.0,gd5VDiIUYt,com.sec.android.app.shealth,0.0,dd040272-b798-422e-9f72-83b6562ad4c1,0b097bdc-857f-40e3-9a77-01dc5c97861f,1.0,
0.0,2025-02-20 09:56:07.922,2025-02-20 09:56:07.922,0.0,0.0,0.0,gd5VDiIUYt,com.sec.android.app.shealth,0.0,06a53b8e-10ef-4409-b6f7-6f9cf00ba0da,36c098ef-9de8-483e-b2c5-2640631f1600,1.0,
