﻿com.samsung.health.device_profile,6292001,8
manufacturer,providing_step_goal,create_sh_ver,step_source_group,device_type,backsync_step_goal,capability,modify_sh_ver,device_group,update_time,create_time,name,model,connectivity_type,deviceuuid,pkg_name,accessory_type,fixed_name,datauuid
Samsung,,,,,,,,360001,2024-02-10 08:32:42.789,2024-02-10 08:32:17.847,My Device,SM-M346B1,,gd5VDiIUYt,com.sec.android.app.shealth,,Yaffa's M34,a59fc556-7574-2497-329c-b216fd5b7dfc,
Combined,,,,,,,,0,2025-02-20 04:19:43.378,2025-02-20 04:19:43.378,Combined,Combined,,VfS0qUERdZ,com.sec.android.app.shealth,,Yaffa's M34,7af9722c-cd99-07b7-853a-43ce58e819c5,
all_target,,,,,,,,0,2025-02-20 04:19:47.108,2025-02-20 04:19:47.108,all_target,all_target,,Mk66SbFqK1,com.sec.android.app.shealth,,Yaffa's M34,471ca32b-a665-1e9e-7c27-7ac69485dc05,
