﻿com.samsung.shealth.social.service_status,6292001,1
status,update_time,create_time,service_type,deviceuuid,pkg_name,datauuid
0,2024-02-10 08:41:59.257,2024-02-10 08:41:59.257,1,gd5VDiIUYt,com.sec.android.app.shealth,c275d676-2ee5-49b5-9bca-a4229793fba8,
0,2024-02-10 08:41:59.257,2024-02-10 08:41:59.257,2,gd5VDiIUYt,com.sec.android.app.shealth,d7284bfc-dfc4-4f0b-9c0c-ec59e2ddf684,
-1,2025-02-20 04:19:46.210,2024-02-10 08:41:59.258,3,gd5VDiIUYt,com.sec.android.app.shealth,371a222f-38af-4d09-a887-159d54b92ca3,
