﻿com.samsung.health.water_intake,6292001,6
start_time,amount,custom,update_time,create_time,client_data_id,client_data_ver,time_offset,deviceuuid,unit_amount,comment,pkg_name,datauuid
2025-02-20 09:57:57.046,250.0,,2025-02-20 09:57:57.052,2025-02-20 09:57:57.052,,,UTC+0700,gd5VDiIUYt,250.0,,com.sec.android.app.shealth,4bb7328d-739c-4c5f-b901-ae409102f132,
2025-02-20 09:58:18.613,250.0,,2025-02-20 09:58:18.620,2025-02-20 09:58:18.620,,,UTC+0700,gd5VDiIUYt,250.0,,com.sec.android.app.shealth,44c9585f-836a-475a-ae10-2cdf9424f792,
2025-02-20 09:58:19.036,250.0,,2025-02-20 09:58:19.041,2025-02-20 09:58:19.041,,,UTC+0700,gd5VDiIUYt,250.0,,com.sec.android.app.shealth,39ab783b-b397-40b3-8c4f-843ece0a6ff2,
