﻿com.samsung.health.food_intake,6292001,6
create_sh_ver,start_time,amount,custom,modify_sh_ver,update_time,create_time,meal_type,client_data_id,name,unit,client_data_ver,calorie,time_offset,deviceuuid,comment,pkg_name,datauuid,food_info_id
62920010,2025-02-20 09:46:12.278,100.0,,62920010,2025-02-20 09:56:07.785,2025-02-20 09:56:07.785,100002,,White Rice,120002,,129.0,UTC+0700,gd5VDiIUYt,,com.sec.android.app.shealth,32ffb9bb-498d-4871-8412-c18192b25577,0f429dbf-2025-4ead-968b-b4542234fee2,
62920010,2025-02-20 09:46:12.278,100.0,,62920010,2025-02-20 09:56:07.785,2025-02-20 09:56:07.785,100002,,Fried Chicken Leg No Coating (Skin Eaten),120001,,250.0,UTC+0700,gd5VDiIUYt,,com.sec.android.app.shealth,0290a600-9770-4e42-aef1-aa4fb55bc22f,8cb3fc75-5188-4e53-bcd1-ced2d5340508,
62920010,2025-02-20 09:46:12.278,1.0,,62920010,2025-02-20 09:56:07.785,2025-02-20 09:56:07.785,100002,,Scrambled Egg (Powdered Mixture),120001,,357.0,UTC+0700,gd5VDiIUYt,,com.sec.android.app.shealth,e44109b6-2543-4774-807f-707a159fc481,c6572088-fdbe-43bd-a9d8-6d796cbcf561,
62920010,2025-02-20 09:46:12.278,1.0,,62920010,2025-02-20 09:56:07.785,2025-02-20 09:56:07.785,100002,,Egg Omelet or Scrambled Egg,120001,,98.0,UTC+0700,gd5VDiIUYt,,com.sec.android.app.shealth,902fa035-0edc-493c-9fbf-0f941f8060f4,22e2fb54-91b8-4f4c-b4ed-97870ea9ebb9,
62920010,2025-02-20 09:46:12.278,1.0,,62920010,2025-02-20 09:56:07.785,2025-02-20 09:56:07.785,100002,,Fried Tofu,120001,,35.0,UTC+0700,gd5VDiIUYt,,com.sec.android.app.shealth,8bd74c30-abd7-4356-ba90-72e61e416a05,b2a217c6-1e4b-4fef-8162-47352f6efd9c,
62920010,2025-02-20 09:46:12.278,1.0,,62920010,2025-02-20 09:56:07.785,2025-02-20 09:56:07.785,100002,,Beans Americano Coffee(Harvester),120001,,38.0,UTC+0700,gd5VDiIUYt,,com.sec.android.app.shealth,031192d1-4eca-493d-b18d-a29157f15363,ca922d9b-93ad-4a52-b7f5-e2d86b0c67f7,
62920010,2025-02-20 09:46:12.278,1.0,,62920010,2025-02-20 09:56:07.785,2025-02-20 09:56:07.785,100002,,Coffee with Milk,120001,,6.0,UTC+0700,gd5VDiIUYt,,com.sec.android.app.shealth,79b9d48e-95d7-44b2-8b09-c75a0f80e670,61b8028e-32f0-46a1-b656-a7a47a923324,
62920010,2025-02-20 09:46:12.278,1.0,,62920010,2025-02-20 09:56:07.785,2025-02-20 09:56:07.785,100002,,Coffee with Milk and Sugar,120001,,30.0,UTC+0700,gd5VDiIUYt,,com.sec.android.app.shealth,1b09193e-e1bd-484c-bd81-15feec184da5,0b097bdc-857f-40e3-9a77-01dc5c97861f,
62920010,2025-02-20 09:46:12.278,1.0,,62920010,2025-02-20 09:56:07.785,2025-02-20 09:56:07.785,100002,,Noodles,120001,,219.0,UTC+0700,gd5VDiIUYt,,com.sec.android.app.shealth,77f5ab10-782a-4a74-9053-f7fadef0a391,36c098ef-9de8-483e-b2c5-2640631f1600,
