﻿com.samsung.shealth.step_daily_trend,6292001,6
binning_data,update_time,create_time,source_pkg_name,source_type,count,speed,distance,calorie,deviceuuid,pkg_name,datauuid,day_time
f09242bc-7adb-4bad-bd6e-727af57a8d9f.binning_data.json,2025-02-20 17:00:04.007,2025-02-20 04:42:29.266,com.sec.android.app.shealth,-2,1937,1.65455,1573.27,74.1,VfS0qUERdZ,com.sec.android.app.shealth,f09242bc-7adb-4bad-bd6e-727af57a8d9f,1740009600000,
dd28a730-42bb-40fd-9081-8673f3297a50.binning_data.json,2025-02-20 17:00:03.525,2025-02-20 17:00:03.525,com.sec.android.app.shealth,0,1937,1.65455,1573.27,74.1,gd5VDiIUYt,com.sec.android.app.shealth,dd28a730-42bb-40fd-9081-8673f3297a50,1740009600000,
0e2e1b3d-492e-4851-898f-d6f1017a94b4.binning_data.json,2025-02-21 07:04:18.399,2025-02-20 17:39:15.293,com.sec.android.app.shealth,-2,1946,1.5534172,1584.7401,89.17999,VfS0qUERdZ,com.sec.android.app.shealth,0e2e1b3d-492e-4851-898f-d6f1017a94b4,1740096000000,
