﻿com.samsung.health.user_profile,6292001,10
text_value,create_sh_ver,float_value,modify_sh_ver,update_time,create_time,long_value,key,blob_value,int_value,deviceuuid,pkg_name,double_value,datauuid
20030629,,,62920010,2025-02-20 09:57:40.517,2024-02-10 08:32:18.474,,birth_date,,,gd5VDiIUYt,com.sec.android.app.shealth,,00000000-0000-0000-0000-00000000000a,
IDN,,,,2024-02-10 08:32:18.450,2024-02-10 08:32:18.507,,country,,,gd5VDiIUYt,com.sec.android.app.shealth,,00000000-0000-0000-0000-000000000001,
Yaffa,62650170,,62650170,1970-01-01 00:00:00.000,2024-03-15 04:39:59.843,,name,,,gd5VDiIUYt,com.sec.android.app.shealth,,00000000-0000-0000-0000-000000000004,
kg,,,,1970-01-01 00:00:00.001,1970-01-01 00:00:00.001,,weight_unit,,,gd5VDiIUYt,com.sec.android.app.shealth,,00000000-0000-0000-0000-000000000007,
cm,,,,1970-01-01 00:00:00.001,1970-01-01 00:00:00.001,,height_unit,,,gd5VDiIUYt,com.sec.android.app.shealth,,00000000-0000-0000-0000-000000000009,
km,,,,1970-01-01 00:00:00.001,1970-01-01 00:00:00.001,,distance_unit,,,gd5VDiIUYt,com.sec.android.app.shealth,,00000000-0000-0000-0000-00000000000c,
C,,,,1970-01-01 00:00:00.001,1970-01-01 00:00:00.001,,temperature_unit,,,gd5VDiIUYt,com.sec.android.app.shealth,,00000000-0000-0000-0000-00000000000d,
mg/dL,,,,1970-01-01 00:00:00.001,1970-01-01 00:00:00.001,,blood_glucose_unit,,,gd5VDiIUYt,com.sec.android.app.shealth,,00000000-0000-0000-0000-00000000000e,
%,,,,1970-01-01 00:00:00.001,1970-01-01 00:00:00.001,,hba1c_unit,,,gd5VDiIUYt,com.sec.android.app.shealth,,00000000-0000-0000-0000-000000000012,
mmHg,,,,1970-01-01 00:00:00.001,1970-01-01 00:00:00.001,,blood_pressure_unit,,,gd5VDiIUYt,com.sec.android.app.shealth,,00000000-0000-0000-0000-000000000013,
ml,,,,1970-01-01 00:00:00.001,1970-01-01 00:00:00.001,,water_unit,,,gd5VDiIUYt,com.sec.android.app.shealth,,00000000-0000-0000-0000-000000000014,
,62920010,,62920010,2025-02-20 04:19:46.540,2025-02-20 04:19:46.555,,social_id,,,gd5VDiIUYt,com.sec.android.app.shealth,,00000000-0000-0000-0000-000000000015,
,62920010,,62920010,2025-02-21 05:00:16.541,2025-02-20 07:19:15.702,,dashboard_config,00000000-0000-0000-0000-000000000016.dashboard_config.json,,gd5VDiIUYt,com.sec.android.app.shealth,,00000000-0000-0000-0000-000000000016,
,62920010,73.0,62920010,2025-02-20 09:56:35.355,2025-02-20 09:56:35.922,,weight,,,gd5VDiIUYt,com.sec.android.app.shealth,,00000000-0000-0000-0000-000000000006,
M,62920010,,62920010,2025-02-20 09:57:39.766,2025-02-20 09:57:39.780,,gender_extended,,,gd5VDiIUYt,com.sec.android.app.shealth,,00000000-0000-0000-0000-000000000022,
,62920010,,62920010,2025-02-20 09:57:39.769,2025-02-20 09:57:39.796,,image,00000000-0000-0000-0000-000000000002.image.,,gd5VDiIUYt,com.sec.android.app.shealth,,00000000-0000-0000-0000-000000000002,
,62920010,,62920010,2025-02-20 09:57:39.763,2025-02-20 09:57:39.809,,image_type,,,gd5VDiIUYt,com.sec.android.app.shealth,,00000000-0000-0000-0000-000000000018,
M,62920010,,62920010,2025-02-20 09:57:39.766,2025-02-20 09:57:39.922,,gender,,,gd5VDiIUYt,com.sec.android.app.shealth,,00000000-0000-0000-0000-000000000005,
,62920010,,62920010,2025-02-20 09:57:39.764,2025-02-20 09:57:39.942,,activity_type,,180003,gd5VDiIUYt,com.sec.android.app.shealth,,00000000-0000-0000-0000-00000000000b,
,62920010,170.0,62920010,2025-02-20 09:57:39.761,2025-02-20 09:57:40.017,,height,,,gd5VDiIUYt,com.sec.android.app.shealth,,00000000-0000-0000-0000-000000000008,
