{"hourlyDataList":[{"moveHourly":true,"startTime":1740099600000},{"moveHourly":true,"startTime":1740135600000},{"moveHourly":true,"startTime":1740139200000},{"moveHourly":true,"startTime":1740142800000}],"mAdaptiveGoal":0,"mIsGoalAchieved":false,"mIsMostActiveAchieved":false,"mMostActiveMinutes":0,"mStreakDayCount":0,"mUnitDataList":[{"distance":6.3,"dynamicActiveTime":0,"exerciseCalorie":0.0,"exerciseTime":0,"floorCount":0,"mCalorie":0.31,"mOthersTime":0,"mRunTime":0,"mStartTime":1800000,"mTimeUnit":600000,"mWalkTime":5336,"runStep":0,"walkStep":8},{"distance":4.67,"dynamicActiveTime":0,"exerciseCalorie":0.0,"exerciseTime":0,"floorCount":0,"mCalorie":0.24,"mOthersTime":0,"mRunTime":0,"mStartTime":2400000,"mTimeUnit":600000,"mWalkTime":4002,"runStep":0,"walkStep":6},{"distance":29.329998,"dynamicActiveTime":0,"exerciseCalorie":0.0,"exerciseTime":0,"floorCount":0,"mCalorie":1.51,"mOthersTime":0,"mRunTime":0,"mStartTime":3600000,"mTimeUnit":600000,"mWalkTime":25346,"runStep":0,"walkStep":38},{"distance":29.25,"dynamicActiveTime":0,"exerciseCalorie":0.0,"exerciseTime":0,"floorCount":0,"mCalorie":1.78,"mOthersTime":0,"mRunTime":400,"mStartTime":4200000,"mTimeUnit":600000,"mWalkTime":18676,"runStep":1,"walkStep":28},{"distance":391.37006,"dynamicActiveTime":0,"exerciseCalorie":0.0,"exerciseTime":0,"floorCount":0,"mCalorie":26.259998,"mOthersTime":0,"mRunTime":34000,"mStartTime":4800000,"mTimeUnit":600000,"mWalkTime":212106,"runStep":85,"walkStep":318},{"distance":16.5,"dynamicActiveTime":0,"exerciseCalorie":0.0,"exerciseTime":0,"floorCount":0,"mCalorie":0.8800001,"mOthersTime":0,"mRunTime":0,"mStartTime":32400000,"mTimeUnit":600000,"mWalkTime":12673,"runStep":0,"walkStep":19},{"distance":6.3700004,"dynamicActiveTime":0,"exerciseCalorie":0.0,"exerciseTime":0,"floorCount":0,"mCalorie":0.3,"mOthersTime":0,"mRunTime":0,"mStartTime":39000000,"mTimeUnit":600000,"mWalkTime":4669,"runStep":0,"walkStep":7},{"distance":11.38,"dynamicActiveTime":0,"exerciseCalorie":0.0,"exerciseTime":0,"floorCount":0,"mCalorie":0.54999995,"mOthersTime":0,"mRunTime":0,"mStartTime":40800000,"mTimeUnit":600000,"mWalkTime":9338,"runStep":0,"walkStep":14},{"distance":6.73,"dynamicActiveTime":0,"exerciseCalorie":0.0,"exerciseTime":0,"floorCount":0,"mCalorie":0.5,"mOthersTime":0,"mRunTime":0,"mStartTime":41400000,"mTimeUnit":600000,"mWalkTime":4669,"runStep":0,"walkStep":7},{"distance":192.78998,"dynamicActiveTime":0,"exerciseCalorie":0.0,"exerciseTime":0,"floorCount":0,"mCalorie":10.069999,"mOthersTime":0,"mRunTime":0,"mStartTime":43200000,"mTimeUnit":600000,"mWalkTime":159383,"runStep":0,"walkStep":252},{"distance":21.81,"dynamicActiveTime":0,"exerciseCalorie":0.0,"exerciseTime":0,"floorCount":0,"mCalorie":1.16,"mOthersTime":0,"mRunTime":0,"mStartTime":43800000,"mTimeUnit":600000,"mWalkTime":19343,"runStep":0,"walkStep":29},{"distance":196.83008,"dynamicActiveTime":0,"exerciseCalorie":0.0,"exerciseTime":0,"floorCount":0,"mCalorie":10.289997,"mOthersTime":0,"mRunTime":0,"mStartTime":45600000,"mTimeUnit":600000,"mWalkTime":158686,"runStep":0,"walkStep":258},{"distance":109.130005,"dynamicActiveTime":0,"exerciseCalorie":0.0,"exerciseTime":0,"floorCount":0,"mCalorie":5.86,"mOthersTime":0,"mRunTime":400,"mStartTime":46200000,"mTimeUnit":600000,"mWalkTime":92713,"runStep":1,"walkStep":139},{"distance":52.6,"dynamicActiveTime":0,"exerciseCalorie":0.0,"exerciseTime":0,"floorCount":0,"mCalorie":2.62,"mOthersTime":0,"mRunTime":0,"mStartTime":46800000,"mTimeUnit":600000,"mWalkTime":44689,"runStep":0,"walkStep":67},{"distance":34.5,"dynamicActiveTime":0,"exerciseCalorie":0.0,"exerciseTime":0,"floorCount":0,"mCalorie":1.7900001,"mOthersTime":0,"mRunTime":1200,"mStartTime":47400000,"mTimeUnit":600000,"mWalkTime":26013,"runStep":3,"walkStep":39},{"distance":458.2,"dynamicActiveTime":0,"exerciseCalorie":0.0,"exerciseTime":0,"floorCount":0,"mCalorie":24.189993,"mOthersTime":0,"mRunTime":0,"mStartTime":48000000,"mTimeUnit":600000,"mWalkTime":366033,"runStep":0,"walkStep":605},{"distance":12.3,"dynamicActiveTime":0,"exerciseCalorie":0.0,"exerciseTime":0,"floorCount":0,"mCalorie":0.64,"mOthersTime":0,"mRunTime":0,"mStartTime":49800000,"mTimeUnit":600000,"mWalkTime":10672,"runStep":0,"walkStep":16},{"distance":4.68,"dynamicActiveTime":0,"exerciseCalorie":0.0,"exerciseTime":0,"floorCount":0,"mCalorie":0.23,"mOthersTime":0,"mRunTime":0,"mStartTime":50400000,"mTimeUnit":600000,"mWalkTime":4002,"runStep":0,"walkStep":6}],"version":1}