{"mHServiceIdList":[{"mClient":"tracker.daily_activity","mProvider":"com.sec.android.app.shealth","mUniqueStringOfId":"com.sec.android.app.shealth|tracker.daily_activity"},{"mClient":"tracker.sleep","mProvider":"com.sec.android.app.shealth","mUniqueStringOfId":"com.sec.android.app.shealth|tracker.sleep"},{"mClient":"tracker.exercise","mProvider":"com.sec.android.app.shealth","mUniqueStringOfId":"com.sec.android.app.shealth|tracker.exercise"},{"mClient":"tracker.exercise_log","mProvider":"com.sec.android.app.shealth","mUniqueStringOfId":"com.sec.android.app.shealth|tracker.exercise_log"},{"mClient":"mood","mProvider":"com.sec.android.app.shealth","mUniqueStringOfId":"com.sec.android.app.shealth|mood"},{"mClient":"tracker.food","mProvider":"com.sec.android.app.shealth","mUniqueStringOfId":"com.sec.android.app.shealth|tracker.food"},{"mClient":"tracker.weight","mProvider":"com.sec.android.app.shealth","mUniqueStringOfId":"com.sec.android.app.shealth|tracker.weight"},{"mClient":"tracker.pedometer","mProvider":"com.sec.android.app.shealth","mUniqueStringOfId":"com.sec.android.app.shealth|tracker.pedometer"},{"mClient":"tracker.cycle","mProvider":"com.sec.android.app.shealth","mUniqueStringOfId":"com.sec.android.app.shealth|tracker.cycle"},{"mClient":"tracker.water","mProvider":"com.sec.android.app.shealth","mUniqueStringOfId":"com.sec.android.app.shealth|tracker.water"},{"mClient":"tracker.bloodpressure","mProvider":"com.sec.android.app.shealth","mUniqueStringOfId":"com.sec.android.app.shealth|tracker.bloodpressure"},{"mClient":"tracker.bloodglucose","mProvider":"com.sec.android.app.shealth","mUniqueStringOfId":"com.sec.android.app.shealth|tracker.bloodglucose"}],"mShownHServiceIdList":[{"mClient":"tracker.daily_activity","mProvider":"com.sec.android.app.shealth","mUniqueStringOfId":"com.sec.android.app.shealth|tracker.daily_activity"},{"mClient":"app.boost","mProvider":"com.sec.android.app.shealth","mUniqueStringOfId":"com.sec.android.app.shealth|app.boost"},{"mClient":"message.tip","mProvider":"com.sec.android.app.shealth","mUniqueStringOfId":"com.sec.android.app.shealth|message.tip"},{"mClient":"tracker.pedometer","mProvider":"com.sec.android.app.shealth","mUniqueStringOfId":"com.sec.android.app.shealth|tracker.pedometer"},{"mClient":"tracker.food","mProvider":"com.sec.android.app.shealth","mUniqueStringOfId":"com.sec.android.app.shealth|tracker.food"},{"mClient":"tracker.cycle","mProvider":"com.sec.android.app.shealth","mUniqueStringOfId":"com.sec.android.app.shealth|tracker.cycle"},{"mClient":"tracker.weight","mProvider":"com.sec.android.app.shealth","mUniqueStringOfId":"com.sec.android.app.shealth|tracker.weight"},{"mClient":"tracker.exercise","mProvider":"com.sec.android.app.shealth","mUniqueStringOfId":"com.sec.android.app.shealth|tracker.exercise"},{"mClient":"tracker.exercise_log","mProvider":"com.sec.android.app.shealth","mUniqueStringOfId":"com.sec.android.app.shealth|tracker.exercise_log"},{"mClient":"tracker.bloodglucose","mProvider":"com.sec.android.app.shealth","mUniqueStringOfId":"com.sec.android.app.shealth|tracker.bloodglucose"},{"mClient":"tracker.bloodpressure","mProvider":"com.sec.android.app.shealth","mUniqueStringOfId":"com.sec.android.app.shealth|tracker.bloodpressure"},{"mClient":"tracker.sleep","mProvider":"com.sec.android.app.shealth","mUniqueStringOfId":"com.sec.android.app.shealth|tracker.sleep"},{"mClient":"mood","mProvider":"com.sec.android.app.shealth","mUniqueStringOfId":"com.sec.android.app.shealth|mood"},{"mClient":"tracker.water","mProvider":"com.sec.android.app.shealth","mUniqueStringOfId":"com.sec.android.app.shealth|tracker.water"}],"mUpdateTime":1740114016540}